Project;Files;CLOC;SLOC;Faults;Changes;Authors;Age;Dev;FDist20;CinF20;FGini;CGini
coursera-android;314;11422;1627;542;21;3;876;512;100;1;0,53;0,94
ion;99;7597;1658;1304;320;14;1107;995;74;34;0,62;0,72
android-maps-utils;77;6926;3967;666;82;27;1071;1009;87;19;0,54;0,82
ArcLayout;14;1402;91;23;1;1;400;352;100;22;0,45;0,93
victor;9;384;252;19;8;2;460;390;25;36;0,55;0,11
essentials;32;3927;1599;117;11;4;104;41;90;30;0,5;0,79
droid-fu;61;5284;3487;433;52;13;2397;593;61;1;0,64;0,63
Android-MonthCalendarWidget;1;184;15;4;2;2;1008;100;100;0;0;0
elasticsearch-jdbc;46;6248;2465;251;36;8;678;672;63;37;0,7;0,66
google-services;18;1366;617;97;14;17;405;312;78;19;0,44;0,74
conceal;47;3339;1098;301;56;9;854;810;60;16;0,46;0,64
cw-advandroid;148;8930;1893;680;147;2;2453;999;45;3;0,42;0,43
Small;47;4384;1100;272;36;4;154;153;100;36;0,7;0,92
zookeeper;357;40998;18330;2497;239;14;2899;2892;82;14;0,62;0,8
joda-time;171;30511;36583;657;226;41;1843;1832;74;22;0,58;0,73
RippleEffect;5;579;158;70;17;8;602;502;76;86;0,6;0,68
Android-Image-Cropper;17;3743;2135;338;74;9;475;466;82;82;0,46;0,75
advanced-textview;18;817;11;30;1;3;588;200;100;14;0,38;0,94
PinterestLikeAdapterView;10;4789;2223;56;15;4;741;263;46;80;0,61;0,49
AndroidViewHover;5;716;35;19;8;4;663;287;50;84;0,52;0,45
sharding-jdbc;245;10262;6501;1035;230;7;133;132;60;7;0,54;0,6
jadx;321;34165;1050;2375;879;12;1057;990;66;15;0,52;0,65
wildfly;3619;257320;124563;26939;3284;152;2120;2114;83;3;0,56;0,8
ListBuddies;27;1899;160;100;14;3;917;256;100;33;0,52;0,85
metrics;121;8531;2931;717;122;66;1138;1087;73;11;0,52;0,71
feign;62;4902;2031;677;107;47;1019;1004;71;30;0,49;0,7
TextSurface;39;2561;214;78;16;2;231;52;56;6;0,5;0,64
material-sheet-fab;24;1822;600;61;13;1;323;168;100;14;0,44;0,87
javaee7-samples;780;19571;24367;4319;141;41;1009;989;100;0;0,37;0,89
OpenGrok;291;31894;17215;4726;1330;57;3486;3477;64;23;0,59;0,64
EazeGraph;31;4084;2071;242;75;5;713;472;76;62;0,62;0,68
grpc-java;246;24002;15116;1721;431;30;488;486;67;10;0,57;0,67
SpringIndicator;10;560;140;49;8;1;487;410;75;63;0,54;0,75
LoganSquare;77;4490;644;422;61;8;471;387;62;12;0,53;0,66
material-ripple;4;865;43;37;11;2;624;225;63;0;0,52;0,48
network-connection-class;3;498;212;14;6;4;428;160;50;0;0,32;0,22
androiddev;115;6528;2792;161;15;3;1220;483;100;1;0,45;0,87
kryonet;32;3859;857;98;20;5;934;660;90;40;0,61;0,81
pinot;1054;85618;26706;6670;1124;24;538;536;73;5;0,53;0,73
Android-CleanArchitecture;59;2082;1387;409;34;6;652;529;67;6;0,5;0,69
Shuffle;20;1492;17;61;4;2;29;22;100;28;0,56;0,9
BoomMenu;23;4905;613;95;5;1;74;51;100;45;0,8;0,9
AndroidAsync;195;17621;3509;2021;534;48;1377;1368;78;26;0,65;0,76
jackson-databind;400;55770;32421;8092;1633;86;1623;1620;63;23;0,6;0,61
folding-plugin;7;421;4;24;9;2;317;116;66;54;0,39;0,54
ghostdriver;4;347;433;58;9;11;1289;1178;88;0;0,54;0,69
ViewAnimator;6;1315;346;62;4;4;162;139;100;56;0,49;0,75
oryx;233;10436;6021;1149;186;2;449;447;69;9;0,58;0,7
material-theme-jetbrains;26;1082;34;66;25;5;241;191;64;34;0,5;0,6
storm-starter;27;1598;327;151;10;5;1715;807;80;6;0,41;0,75
ShowcaseView;39;2195;762;364;57;13;768;765;84;41;0,54;0,82
OpenRefine;451;40381;15776;2354;375;23;2129;2093;79;6;0,58;0,77
RecyclerViewPager;24;2332;197;140;22;15;499;466;95;35;0,37;0,87
GoogleProgressBar;14;1529;234;78;17;6;798;432;64;29;0,4;0,66
android-actionbar;4;327;107;41;11;8;2003;768;63;0;0,34;0,43
Android-AppMsg;3;640;471;50;7;8;1395;853;42;0;0,11;0,19
motan;45;14091;6211;119;29;6;38;32;51;2;0,56;0,57
twoway-view;18;3359;414;158;50;4;1031;623;50;57;0,46;0,42
android-job;29;3973;1886;234;53;4;282;270;56;21;0,56;0,54
jmxtrans;149;9174;4835;1628;271;18;392;389;54;10;0,5;0,56
material-design-library;83;6713;124;265;58;1;480;179;63;4;0,61;0,66
airpal;108;6945;88;521;57;13;756;719;92;10;0,51;0,83
incubator-zeppelin;186;23653;5795;802;799;71;998;995;68;34;0,55;0,61
databus;657;102549;27791;3751;24;12;1233;1033;100;2;0,65;0,98
ToggleDrawable;3;594;22;8;1;2;161;15;100;0;0,48;0,67
h2o-3;599;86754;26972;44635;3748;47;820;819;75;30;0,67;0,73
android-UniversalMusicPlayer;49;5986;1683;320;64;9;534;435;64;32;0,45;0,65
h2o-2;349;80013;25021;6183;763;35;708;348;72;15;0,65;0,72
AndroidRubberIndicator;3;439;48;51;3;3;341;76;33;0;0,31;0
actor-platform;1576;115202;19043;6721;1011;11;228;225;90;6;0,66;0,86
che;4479;413136;205853;9729;800;45;111;111;100;0;0,68;0,9
GifView;5;427;70;18;6;4;158;120;33;49;0,5;0,33
error-prone;397;35129;13569;1148;242;49;596;584;73;5;0,53;0,76
Android-Templates-And-Utilities;200;14433;1133;784;59;1;819;742;83;1;0,42;0,78
Parse-SDK-Android;72;19640;10087;404;35;13;294;288;100;9;0,66;0,88
StickerCamera;175;16633;5365;285;9;2;332;71;100;1;0,57;0,95
floatingsearchview;14;2824;756;258;25;4;193;190;72;77;0,67;0,71
android-async-http;83;7368;3440;1132;236;38;956;882;72;38;0,49;0,7
lombok;313;33058;11003;3493;807;34;2422;2401;69;22;0,65;0,69
flink;2090;174493;102266;9421;4873;118;716;714;59;5;0,58;0,56
curator;1;204;37;4;1;2;441;0;100;0;0;0
wire;71;7527;1898;1719;198;26;1052;1005;71;25;0,56;0,69
druid;958;120745;16514;10789;3224;63;1189;1188;46;21;0,72;0,38
AndroidSweetSheet;21;2033;251;53;8;4;300;209;75;15;0,46;0,7
ninja;274;14843;9458;4392;237;53;1452;1404;88;11;0,59;0,83
ProgressWheel;3;492;109;44;6;14;1579;1335;100;0;0,23;0,67
Dragger;32;2263;1166;247;79;3;442;299;53;29;0,66;0,48
spring-boot;1666;83193;48362;13273;4782;178;1041;1041;67;8;0,58;0,64
ctci;37;12649;717;47;14;6;1157;523;64;7;0,46;0,67
MaterialSearchView;11;1201;144;63;4;5;253;124;100;54;0,44;0,86
Android-Week-View;11;1805;539;199;44;12;623;473;100;82;0,74;0,89
AndroidStaggeredGrid;13;3596;848;114;27;21;905;203;100;82;0,72;0,85
closure-compiler;720;138097;52869;16086;3724;198;2402;2396;77;30;0,71;0,75
android-pdfview;46;2939;756;140;40;7;1100;820;72;28;0,64;0,72
BaseRecyclerViewAdapterHelper;35;1747;468;263;26;5;52;49;57;33;0,54;0,63
SimpleCropView;19;2827;380;177;40;5;317;286;82;84;0,81;0,79
DragTopLayout;16;1042;236;108;14;3;494;38;92;48;0,52;0,85
TileView;28;3123;971;478;34;6;245;233;82;48;0,56;0,75
Aeron;198;15666;7573;392;11;5;69;67;100;1;0,55;0,97
caffeine;219;22196;9251;1622;343;6;512;509;67;26;0,58;0,67
android-simple-facebook;176;10647;4273;326;7;3;380;187;100;5;0,52;0,97
droidparts;198;9542;3088;3167;63;6;1200;1168;98;9;0,48;0,85
TweetLanes;152;25886;6744;2815;652;11;1199;596;65;34;0,59;0,66
subsampling-scale-image-view;30;3474;1082;181;17;10;743;698;100;57;0,67;0,93
android-classyshark;114;7854;1993;912;77;3;213;208;76;11;0,51;0,74
parboiled;183;12446;7055;703;27;5;1993;1514;100;4;0,59;0,91
fresco;383;33037;15459;1175;158;72;432;431;88;3;0,56;0,83
seldon-server;408;30677;11357;1699;46;3;428;422;100;3;0,57;0,92
Android-ReactiveLocation;35;1744;245;140;17;13;855;833;94;38;0,47;0,84
philm;212;16269;3870;3518;358;2;899;387;53;24;0,6;0,46
GT;390;41545;13963;492;16;1;136;120;100;1;0,62;0,96
assertj-android;415;22305;723;930;16;20;691;632;100;7;0,53;0,98
scissors;10;1176;384;30;8;4;187;186;50;29;0,45;0,6
GestureViews;67;6156;1237;352;139;1;731;678;59;30;0,46;0,54
SearchView;14;1898;54;86;28;6;245;243;75;64;0,54;0,71
MultiChoiceAdapter;146;8818;2387;245;139;4;1167;340;35;1;0,37;0,28
SystemBarTint;6;726;271;35;8;5;928;240;100;87;0,5;0,79
jphp;989;81175;3992;3133;709;8;814;807;82;11;0,64;0,81
atmosphere;359;33110;16378;9282;3474;103;2225;2211;72;35;0,66;0,69
DBFlow;378;17736;5642;4353;826;16;541;538;63;19;0,53;0,64
RxBinding;177;7777;1307;1257;80;20;337;320;92;3;0,37;0,78
android-bootstrap;83;4076;1629;627;55;13;1364;1146;67;3;0,53;0,68
tomcat;1675;228794;137840;26985;8307;27;3719;3718;68;16;0,69;0,65
RoboBinding;548;17390;5325;2420;146;6;633;567;100;1;0,51;0,86
scribejava;103;3549;769;945;118;13;201;194;42;8;0,39;0,45
zxing;350;35225;12700;1938;274;38;2963;2955;82;6;0,51;0,81
SuperRecyclerView;22;2527;267;67;37;7;526;485;62;59;0,69;0,5
NiftyNotification;15;829;215;30;5;1;654;69;100;41;0,51;0,83
recyclerview-animators;35;1811;479;296;24;10;516;471;100;51;0,47;0,89
JKeyboardPanelSwitch;26;1645;817;108;29;1;175;137;65;31;0,37;0,63
json2view;15;1866;280;78;15;4;532;511;80;58;0,62;0,74
XRecyclerView;43;3177;232;126;23;9;189;151;100;25;0,4;0,87
barcodescanner;33;2548;113;89;11;11;831;676;100;20;0,46;0,94
camel;3370;374766;174727;13314;1793;198;948;947;78;2;0,6;0,78
NumberProgressBar;3;398;87;34;5;8;754;595;100;0;0,56;0,67
SnackBar;4;683;199;117;33;11;645;260;42;0;0,21;0,27
VideoPlayerManager;66;4076;578;127;43;1;318;184;60;13;0,61;0,64
flow;56;2170;1043;398;85;12;934;904;64;27;0,53;0,6
android-volley;43;3116;2238;302;102;15;898;630;36;33;0,54;0,19
xabber-android;457;38185;11092;1519;55;1;266;109;100;1;0,62;0,91
ViewPagerTransforms;20;457;354;31;2;4;590;409;100;11;0,42;0,9
Bolts-Android;24;2733;1045;62;7;4;273;134;100;33;0,69;0,89
Swipecards;5;673;131;70;26;7;662;300;38;100;0,36;0,35
MaterialList;17;1687;699;169;43;4;680;556;86;59;0,59;0,76
IndexableListView;3;423;66;17;5;6;1650;1270;60;0;0,27;0,4
MinecraftForge;544;63378;12176;4433;1118;94;935;933;72;13;0,63;0,71
StickyListHeaders;15;2129;226;163;55;26;982;603;92;65;0,53;0,88
android-mapviewballoons;12;800;275;64;10;6;2012;587;100;47;0,38;0,85
Mizuu;207;29751;5751;734;119;2;560;478;79;7;0,52;0,78
android-crop;12;1607;319;163;34;10;812;807;67;71;0,46;0,55
Android-SpinKit;29;2007;299;114;47;7;73;69;48;33;0,46;0,53
spring-security-oauth;391;20818;10517;1830;426;61;2156;2149;81;9;0,58;0,78
retrofit;85;5021;2383;592;20;14;387;380;100;9;0,59;0,93
gauges-android;45;2625;1712;339;14;3;1583;307;100;5;0,49;0,83
android-UCToast;6;469;18;8;3;1;225;1;66;33;0,36;0,5
kafka;590;44196;21841;3210;2317;113;1757;1755;59;20;0,61;0,55
butterknife;55;3045;563;379;31;18;1184;1178;67;31;0,71;0,73
snackbar;21;2006;467;188;36;25;578;277;91;64;0,66;0,85
Material-Movies;57;2400;931;671;2;1;486;136;100;3;0,58;0,96
frodo;35;2657;1509;73;14;3;248;165;85;8;0,53;0,78
presto;2368;241210;38792;20920;2209;132;1322;1317;81;6;0,55;0,79
droidicon;13;3077;240;23;1;2;562;140;100;8;0,61;0,92
clojure;167;38982;13088;2658;273;88;3643;3636;89;38;0,79;0,86
RecyclerViewItemAnimators;26;2043;731;59;10;2;649;454;60;4;0,45;0,62
DanmakuFlameMaster;69;8578;1245;1708;294;18;1025;1003;82;52;0,63;0,78
SwitchButton;9;1176;57;66;3;4;454;416;100;63;0,63;0,89
material-camera;16;2736;141;190;74;3;193;183;63;69;0,53;0,55
JazzyViewPager;4;664;38;23;7;5;1217;119;71;0;0,54;0,61
material-icon-lib;8;436;168;24;7;1;316;229;71;62;0,66;0,63
packer-ng-plugin;4;909;63;21;2;1;534;530;100;0;0,42;0,75
Slidr;11;1051;318;63;7;3;509;366;85;75;0,65;0,73
spring-loaded;99;17472;6641;585;118;9;867;815;66;22;0,7;0,68
CoordinatorBehaviorExample;2;196;0;18;3;4;281;222;100;0;0,06;0,5
android-beacon-library;63;5642;2823;921;119;26;685;655;82;56;0,61;0,77
sonarqube;2915;155598;75970;22646;4888;30;2095;2094;55;4;0,56;0,52
cw-android;118;5320;1401;599;33;1;2373;765;100;7;0,47;0,84
AndroidViewAnimations;69;1426;1464;210;48;10;710;315;62;17;0,32;0,67
sticky-headers-recyclerview;16;853;206;161;70;15;608;515;65;76;0,51;0,54
cropper;14;1096;669;108;21;6;1042;857;57;39;0,51;0,47
libstreaming;38;6021;2239;493;167;10;1218;975;47;43;0,48;0,41
Android-IMSI-Catcher-Detector;159;10993;2825;1553;159;15;171;163;59;11;0,54;0,61
Algorithms;85;2859;2749;241;13;8;549;526;100;8;0,28;0,92
android-ripple-background;2;177;3;6;1;3;573;91;100;0;0,22;0,5
Android-RoundCornerProgressBar;5;1047;110;71;44;4;517;258;29;73;0,31;0,24
opentsdb;128;29931;14970;1819;365;76;2291;2259;72;29;0,54;0,71
Leonids;3;1171;249;8;8;4;356;320;62;0;0,48;0,33
nokogiri;88;12367;4899;1294;571;36;2560;2557;70;41;0,57;0,68
GraphView;20;2755;2638;212;14;4;739;397;78;47;0,62;0,75
todo.txt-android;227;32614;14028;1252;501;20;2211;1376;88;10;0,6;0,85
liquibase;789;63626;10980;16793;1537;257;2491;2468;67;11;0,55;0,68
usb-serial-for-android;17;2414;788;52;1;8;793;722;100;16;0,49;0,94
SlidingMenu;33;3212;1026;64;3;4;1121;215;100;39;0,56;0,95
ActiveAndroid;33;2536;726;390;95;33;1880;1277;66;54;0,51;0,61
SublimePicker;31;10636;2364;45;2;2;372;339;100;4;0,55;0,94
blockcanary;31;2153;654;177;27;5;132;91;62;9;0,49;0,62
Android-ConvenientBanner;15;1104;193;81;2;4;307;180;100;24;0,55;0,93
alluxio;554;44737;28385;21075;5140;60;118;117;37;12;0,51;0,27
flyway;253;11937;10328;3253;566;40;840;813;71;27;0,62;0,7
Telecine;20;1289;94;110;6;10;510;507;100;36;0,56;0,9
helios;295;24336;7433;3395;1132;16;726;719;48;23;0,55;0,4
robotium;37;6101;3571;321;25;16;882;877;100;28;0,57;0,85
spring-mvc-showcase;27;1235;30;55;2;3;1825;1146;100;10;0,39;0,93
greenDAO;94;5739;1677;388;172;5;1769;1760;28;24;0,52;0,2
Terasology;1817;103567;43529;24668;2522;77;959;955;72;4;0,61;0,73
TransitionPlayer;4;1175;121;8;1;3;297;11;100;0;0,49;0,75
guacamole-client;361;14010;24037;2142;141;7;1197;1120;100;6;0,54;0,87
dex2jar;254;31734;5514;888;195;6;1797;1707;77;3;0,65;0,76
flexbox-layout;12;2415;800;113;29;4;57;56;68;81;0,75;0,57
moco;294;9829;4;2993;128;15;1293;1292;80;2;0,5;0,79
hawk;19;1596;622;296;23;14;466;396;65;54;0,6;0,67
play-authenticate;112;5841;866;812;130;30;1444;1387;70;16;0,55;0,69
muzei;100;13237;3790;514;60;13;846;802;78;11;0,59;0,78
JavaVerbalExpressions;1;303;390;42;6;10;761;703;100;0;0;0
hellocharts-android;105;9631;1768;1885;179;12;922;869;70;27;0,56;0,7
FloatingSearchView;18;2346;202;23;1;1;153;32;100;6;0,68;0,94
weiciyuan;513;57934;8467;6320;1432;3;1406;1189;83;19;0,57;0,8
jstorm;957;73750;24760;2036;32;22;889;875;100;1;0,6;0,98
SimplifyReader;265;33789;15771;288;4;7;289;147;100;1;0,69;0,99
FloatingActionButton;8;2635;129;114;45;8;438;429;77;84;0,6;0,7
jvm-serializers;132;17758;1376;615;60;24;2286;2081;93;9;0,53;0,83
android-autofittextview;4;521;233;23;7;1;832;340;57;0;0,45;0,46
AnimatedCircleLoadingView;17;1103;73;75;3;3;330;203;100;30;0,47;0,94
crawler4j;42;3265;1612;344;73;14;668;610;63;35;0,51;0,59
immutables;320;21337;6480;2669;462;16;601;595;68;24;0,71;0,69
mongo-hadoop;120;9932;2867;951;162;33;1528;1452;68;15;0,53;0,69
fqrouter;74;16889;19287;310;38;1;1105;186;84;12;0,7;0,82
SlidingTutorial-Android;14;834;274;70;2;4;236;195;100;22;0,57;0,86
jOOQ;1095;106393;145485;21909;1391;33;1774;1773;68;14;0,77;0,7
FreeFlow;36;3905;1182;263;72;7;833;516;70;44;0,6;0,67
java-design-patterns;539;11535;17927;6273;1230;39;368;356;34;2;0,47;0,26
acra;76;6032;3519;1594;174;31;1361;1339;70;42;0,56;0,68
lwjgl-basics;13;1651;1189;69;1;3;1305;108;100;18;0,51;0,92
MultiThreadDownloader;24;1490;195;114;6;4;379;287;100;21;0,53;0,94
gephi;1143;110702;56829;5723;1520;18;1422;1360;57;6;0,6;0,59
MasteringAndroidDataBinding;18;639;60;23;2;2;222;220;100;11;0,32;0,89
CustomShapeImageView;13;1673;324;30;5;3;135;11;80;58;0,67;0,74
android-app;21;11691;3050;93;10;13;1112;395;100;3;0,59;0,76
AndroidDynamicLoader;56;8302;3397;73;5;1;1070;67;100;1;0,48;0,91
couchbase-lite-android;89;18502;4228;1530;458;20;846;845;70;66;0,68;0,67
PhotoPicker;20;2341;469;179;31;6;342;334;48;20;0,56;0,53
CoreNLP;1380;271237;90585;274860;26644;79;1069;1068;75;24;0,64;0,72
AVLoadingIndicatorView;32;1956;162;87;63;5;215;188;26;21;0,33;0,1
hazelcast;3029;208129;89067;69009;10911;137;2505;2505;73;9;0,59;0,72
WeChatLuckyMoney;12;932;90;119;25;8;132;21;68;66;0,38;0,62
XhsEmoticonsKeyboard;63;5405;192;85;3;1;70;69;100;6;0,4;0,95
RxJava-Android-Samples;35;2638;187;342;129;7;680;625;43;36;0,41;0,45
jsonschema2pojo;74;4932;3477;690;255;48;1061;1052;63;44;0,58;0,59
retrolambda;47;2616;323;346;73;10;1046;1013;71;23;0,41;0,66
rootbeer1;166;16285;1353;524;70;3;1301;945;91;12;0,57;0,84
ImageViewZoom;5;1151;161;35;2;1;644;565;50;62;0,61;0,6
gremlin;23;1763;2020;283;37;9;1698;1094;72;62;0,6;0,65
groovy;1137;147914;75412;20011;3802;165;4647;4646;77;24;0,67;0,76
SwipeMenuListView;14;1274;236;45;4;6;339;193;100;30;0,57;0,86
MPAndroidChart;218;23058;9246;4892;1409;33;734;729;69;30;0,55;0,67
Android-SwipeToDismiss;3;513;211;22;6;4;1021;152;66;0;0,23;0,44
zaproxy;1085;137199;56110;11158;1837;51;2097;2095;72;5;0,56;0,72
ua-parser;24;949;193;196;42;13;1410;837;38;25;0,28;0,32
telescope;17;1373;606;117;6;9;761;760;100;64;0,65;0,92
CircularReveal;10;611;227;64;22;5;560;559;59;53;0,47;0,65
facebook-android-sdk;248;36293;12161;949;5;6;434;428;100;2;0,59;0,99
Douya;99;15629;1810;215;116;1;120;113;50;10;0,51;0,46
Highlight;7;463;68;34;15;2;237;137;66;78;0,5;0,55
jmonkeyengine;1158;150445;91458;7065;741;69;872;868;84;4;0,57;0,81
KJFrameForAndroid;195;19505;8088;506;2;1;283;101;100;2;0,49;0,99
LandscapeVideoCamera;27;2415;421;116;20;2;290;246;90;30;0,51;0,85
android-advancedrecyclerview;160;17398;5258;1160;210;10;489;473;83;30;0,59;0,81
otter;31;45132;20476;41;12;2;569;450;75;1;0,54;0,72
pegdown;57;2993;1304;460;138;21;1942;1686;85;71;0,75;0,83
aws-sdk-java;15151;1272190;1571336;100136;3660;68;1686;1684;90;0;0,47;0,79
androidquery;26;6391;2446;971;58;6;1846;1047;82;70;0,6;0,74
canal;103;18053;5691;239;121;12;544;521;43;7;0,63;0,33
jimfs;58;7465;3574;152;62;5;722;661;45;10;0,46;0,37
android-shape-imageview;35;2744;99;89;9;1;640;393;100;6;0,46;0,83
heron;464;24028;13609;4613;1360;16;145;137;38;4;0,57;0,34
GCViewer;141;13096;3071;1404;295;24;1683;1640;54;19;0,55;0,5
RoundedImageView;8;1335;268;65;33;7;521;422;48;90;0,5;0,37
VolleyPlus;117;12281;6299;460;106;8;837;826;70;7;0,56;0,71
DeepLinkDispatch;11;1619;344;168;18;14;420;410;72;70;0,75;0,58
KenBurnsView;10;556;331;72;26;8;804;791;53;80;0,47;0,57
gradle;4724;219809;119551;27708;4389;82;1172;1171;81;2;0,61;0,79
RxAndroid;7;274;171;59;10;8;568;537;80;43;0,36;0,69
byte-buddy;245;55469;34951;4755;574;11;789;789;82;45;0,76;0,79
shadow-layout;1;139;0;6;3;3;449;20;100;0;0,43;0
junit4;184;9353;6060;3338;855;123;2682;2680;54;24;0,58;0,5
Twidere-Android;892;93415;16226;6380;2347;8;697;680;72;16;0,61;0,7
Once;9;470;129;71;20;6;313;294;45;73;0,39;0,44
hugo;4;319;2;71;5;11;908;775;60;0;0,34;0,45
Android-DirectionalViewPager;4;926;128;9;1;1;1702;1;100;0;0,72;0,75
MaterialLoadingProgressBar;5;854;234;45;20;6;482;264;50;99;0,58;0,56
DiskLruCache;3;780;320;24;5;6;1145;558;100;0;0,5;0,67
kickmaterial;88;4188;503;174;3;2;236;214;100;0;0,6;0,97
useful-java-links;148;6706;1426;182;92;4;46;36;32;0;0,39;0,38
CircleImageView;2;313;42;53;11;9;865;849;100;0;0,47;0,5
HTextView;13;1613;202;29;6;3;165;46;100;25;0,46;0,82
BarcodeScanner;269;26200;10052;847;1;7;1337;964;100;0;0,54;1
AboutLibraries;25;2203;745;144;32;8;579;513;68;55;0,56;0,69
okhttp-utils;40;2531;261;255;58;6;208;207;56;34;0,51;0,56
welcome-coordinator;16;1249;384;45;22;1;64;1;36;21;0,37;0,31
MaterialNavigationDrawer;41;3090;494;138;25;4;570;258;100;65;0,71;0,93
Caldroid;13;1854;791;108;24;13;650;549;79;76;0,59;0,66
android-parcelable-intellij-plugin;50;1828;450;302;116;9;1217;1195;42;21;0,43;0,33
TranslateApp;48;3129;1227;166;24;5;94;31;91;29;0,54;0,83
learning-spark;40;2111;209;179;19;2;818;391;84;13;0,34;0,82
xUtils;167;12675;3683;1078;6;3;1005;436;100;1;0,61;0,98
mustache.java;69;3726;851;957;137;17;1844;1839;64;22;0,51;0,66
yuicompressor;12;6043;885;320;109;34;3212;3036;76;83;0,59;0,64
cwac-camera;40;6587;2667;153;21;2;1067;837;90;24;0,63;0,83
Conductor;48;4032;746;136;44;4;76;67;63;31;0,53;0,66
JumpingBeans;3;326;203;49;1;1;698;582;100;0;0,32;0,67
netty-socketio;99;5451;2110;1007;311;20;1602;1597;68;34;0,59;0,65
capsule;20;5724;1504;752;116;6;675;573;95;91;0,84;0,9
mongo-java-driver;841;57859;41560;4574;477;20;1267;1254;76;4;0,62;0,77
undertow;858;94739;31861;9142;2134;93;1405;1402;60;12;0,6;0,57
9-Patch-Resizer;21;1658;778;191;12;4;1460;1123;83;24;0,63;0,74
reflections;37;3183;810;80;18;14;719;620;83;12;0,51;0,79
neuralnetworks;134;7409;1173;1832;317;3;976;694;57;17;0,47;0,58
FileExplorer;80;8319;2249;373;26;8;1597;427;100;25;0,6;0,92
java-repl;111;6600;151;884;82;9;1166;998;78;15;0,51;0,78
android;176;31496;10948;12317;1674;40;1401;1400;66;47;0,56;0,62
platform_frameworks_base;2320;1004389;484902;49250;10540;539;1499;1494;82;14;0,68;0,8
ambrose;50;3902;1540;597;98;8;1483;1104;56;18;0,42;0,58
VitamioBundle;41;5805;2215;100;11;4;1046;563;100;13;0,51;0,81
KLog;8;498;36;48;1;5;202;131;100;38;0,45;0,88
hadoop;4675;614698;240039;48298;3675;128;1743;1743;85;5;0,67;0,83
bottomsheet;19;2155;634;161;37;13;362;353;70;50;0,63;0,68
Notes;97;14271;6272;232;70;3;363;202;68;6;0,57;0,7
netty;1532;152073;75650;16125;4829;224;1618;1616;69;8;0,65;0,68
FizzBuzzEnterpriseEdition;86;1263;3;719;49;20;1178;958;79;8;0,37;0,74
disunity;84;3704;1292;255;159;2;457;373;22;7;0,41;0,07
eclipse-themes;88;6083;1670;171;23;4;828;533;100;6;0,54;0,87
Renderers;28;915;1052;255;24;7;826;812;87;39;0,57;0,8
PullZoomView;13;1473;226;46;16;3;636;387;56;39;0,47;0,58
material-animated-switch;19;878;109;40;3;1;354;18;100;8;0,57;0,84
joda-time-android;7;650;324;22;6;3;773;669;66;31;0,49;0,57
YCSB;116;13878;5962;1183;288;69;1567;1539;58;22;0,61;0,58
rest-assured;180;12438;19310;200;2;2;11;10;100;5;0,66;0,99
AndroidChangeSkin;18;932;85;38;5;3;212;43;100;16;0,55;0,9
AndroidSlidingUpPanel;4;1935;909;8;3;2;104;17;66;0;0,43;0,58
Android-MaterialRefreshLayout;10;3048;370;11;11;1;98;0;27;3;0,48;0,08
material-menu;22;1813;293;157;11;3;645;276;54;14;0,53;0,58
loadtoast;4;937;198;24;8;1;404;280;37;0;0,5;0,31
jeromq;87;13327;5612;1903;487;41;1401;1286;45;29;0,52;0,42
FastAdapter;70;6533;3072;627;86;9;156;153;75;27;0,46;0,74
guava;638;80178;55768;7416;1095;114;1874;1869;64;12;0,64;0,66
tray;60;4554;1720;680;38;4;462;460;65;14;0,51;0,68
JieCaoVideoPlayer;21;2276;164;463;69;5;185;184;92;71;0,57;0,84
JavaHamcrest;76;3315;3178;797;65;25;3451;3437;64;6;0,4;0,63
logger;7;442;102;69;13;8;439;335;61;90;0,62;0,51
android-Ultra-Pull-To-Refresh;51;5219;642;327;60;11;552;523;80;28;0,54;0,78
disruptor;64;3519;2811;577;88;20;1349;1278;68;41;0,63;0,68
iosched;337;35931;13163;653;30;11;672;440;100;4;0,6;0,97
Conversations;172;35682;866;3980;696;35;589;588;79;50;0,67;0,76
spock;414;17665;9925;3393;320;17;2661;2655;77;9;0,58;0,77
ideavim;429;30184;12907;4998;454;24;4793;4759;79;22;0,67;0,8
android-flip;54;4282;689;436;60;6;1388;266;90;16;0,44;0,81
android-styled-dialogs;20;1681;364;225;18;10;519;379;50;33;0,65;0,5
GlassActionBar;33;1434;442;78;5;1;1074;388;100;22;0,45;0,93
Osmand;584;139674;12656;26875;5182;92;1961;1960;71;23;0,55;0,69
recyclerview-playground;16;1361;373;92;19;5;647;644;89;57;0,55;0,81
okhttp;160;19790;7664;1311;283;22;169;167;61;13;0,59;0,62
MaterialDialog;2;614;44;47;23;8;611;565;100;0;0,2;0,5
PersistentSearch;18;2272;557;63;6;11;402;151;100;33;0,65;0,94
zuul;39;6825;2881;176;31;24;1087;1030;80;12;0,6;0,78
robospice;143;7356;2601;660;91;21;1215;580;92;23;0,58;0,86
requery;426;25799;10032;1102;278;6;111;110;85;18;0,67;0,83
LazyList;5;406;15;35;3;1;1820;1187;66;71;0,38;0,67
MultiImageSelector;13;1319;156;34;20;3;420;405;65;59;0,57;0,52
floatlabelededittext;2;193;5;11;8;3;722;205;87;0;0,37;0,38
openhab;3041;309765;222844;74023;9321;309;2061;2060;54;5;0,67;0,53
device-year-class;3;288;166;16;1;6;433;419;100;0;0,3;0,67
commons;214;26426;16099;551;71;43;1590;1396;77;5;0,6;0,77
rebound;34;3609;1309;120;20;5;897;611;95;20;0,6;0,84
robovm;7248;618032;471165;42686;7852;16;1470;1256;60;1;0,56;0,64
commafeed;120;8217;555;1095;77;6;1057;986;80;14;0,5;0,78
FlexLayout;2;1582;57;24;3;1;89;50;100;0;0,46;0,5
astrid;1046;132219;43094;7096;1436;6;1482;349;69;7;0,59;0,69
vrapper;363;29352;4742;1755;631;15;1013;996;74;17;0,57;0,74
android_page_curl;5;1595;584;148;9;5;1881;424;44;92;0,37;0,49
Crouton;10;1383;995;103;14;10;1087;725;85;75;0,52;0,8
unirest-java;29;1387;572;283;71;21;1135;1073;71;36;0,51;0,7
android-demos;73;5267;787;161;3;6;548;521;100;1;0,51;0,96
CircularFloatingActionMenu;14;1810;361;64;5;2;681;193;100;39;0,41;0,84
CalendarListview;6;742;99;32;16;3;630;186;50;88;0,54;0,23
JsonPath;100;7326;2617;780;119;24;1945;1880;75;29;0,6;0,74
Android-TextView-LinkBuilder;10;751;301;71;9;11;343;320;77;56;0,33;0,74
RocketMQ;484;48887;17801;966;2;5;442;401;100;0;0,67;1
android-HoloCircularProgressBar;2;507;274;9;1;1;607;0;100;0;0,13;0,5
realm-java;316;46580;13853;4649;792;30;617;615;70;18;0,7;0,67
pysonar2;114;10436;340;1693;111;2;939;889;81;34;0,72;0,76
NavigationDrawer-MaterialDesign;19;2633;1029;90;5;4;496;414;100;38;0,7;0,86
JSON-java;18;3159;2805;267;30;15;1987;1975;70;61;0,59;0,67
ParallaxScroll;15;715;0;46;4;2;816;174;75;24;0,24;0,73
smali;770;41388;25598;3588;257;10;2547;2507;100;9;0,61;0,88
redisson;401;27562;12414;4754;634;29;883;882;80;18;0,64;0,78
go-lang-idea-plugin;589;40076;10300;7160;1308;22;889;888;77;24;0,6;0,76
GridPasswordView;8;547;72;22;9;3;446;277;66;69;0,66;0,54
bazel;1810;206168;97066;14019;1935;82;481;481;80;5;0,6;0,78
android-viewflow;14;1503;549;143;57;16;1853;856;57;81;0,64;0,55
killbill;927;74882;17801;6743;1336;14;817;807;70;8;0,57;0,69
TourGuide;26;2301;521;217;66;8;352;344;66;56;0,48;0,6
Android-StepsView;5;329;9;14;2;1;346;9;50;62;0,46;0,6
StarWars.Android;3;2005;235;4;1;1;169;96;100;0;0,54;0,67
Android-Bootstrap;61;8599;796;486;43;6;274;220;76;24;0,75;0,74
dialogplus;19;1300;235;261;46;9;536;429;69;50;0,62;0,67
jna;338;44631;69483;4185;742;77;1807;1786;71;27;0,73;0,68
parceler;99;4919;1999;811;45;5;1065;1057;95;23;0,63;0,86
grafika;50;8009;4319;180;23;1;895;153;82;19;0,44;0,79
spring-boot-admin;65;3007;1344;262;59;10;619;616;67;17;0,43;0,67
Fancybuttons;4;645;163;49;12;7;694;670;66;0;0,53;0,54
base-adapter-helper;9;646;439;70;22;9;1093;1032;68;68;0,48;0,62
CircularImageView;10;894;199;26;6;4;665;162;100;41;0,49;0,9
languagetool;618;50578;19751;6498;769;41;1225;1223;78;8;0,55;0,77
xUtils3;146;12222;2337;736;27;4;217;178;100;8;0,57;0,92
indextank-engine;200;40164;13114;312;9;8;1625;120;100;1;0,63;0,98
phrase;2;347;232;14;1;8;905;799;100;0;0,11;0,5
Resty;271;15975;5730;1611;192;3;520;491;85;10;0,57;0,83
mdrill;4963;712586;492631;5731;34;1;1044;366;100;0;0,63;0,99
BottomSheet;13;1933;313;133;17;7;619;521;94;62;0,49;0,83
deeplearning4j;783;58067;27510;14702;3652;70;830;828;62;16;0,6;0,59
android-weak-handler;3;482;294;8;3;1;644;288;33;0;0,15;0
sugar;28;1955;131;232;49;39;691;649;95;63;0,59;0,87
material-calendarview;49;3469;1055;762;100;19;499;482;80;54;0,65;0,78
SuperToasts;20;3711;1576;132;43;1;1026;223;69;61;0,58;0,68
android-segmented-control;11;3395;166;29;4;10;385;322;100;89;0,82;0,91
FlowLayout;14;1031;62;60;19;4;265;231;47;43;0,44;0,47
Blurry;6;521;102;48;9;4;313;271;66;72;0,47;0,5
Gaffer;337;19016;9684;5627;475;8;121;104;65;7;0,47;0,67
mockito;379;12676;9939;762;407;19;574;568;36;5;0,54;0,25
9GAG;55;4496;1304;150;3;4;800;721;100;20;0,58;0,97
cardslib;266;29877;15441;791;97;5;961;575;93;3;0,48;0,84
async-http-client;290;20169;9093;993;356;14;701;698;71;9;0,61;0,71
cordova-plugin-local-notifications;17;1353;1358;149;36;11;1006;955;77;62;0,55;0,65
Metamorphosis;392;32347;13374;984;145;6;1555;1019;100;10;0,59;0,9
android-slidingactivity;16;1887;811;97;13;4;284;239;61;22;0,72;0,57
FlycoDialog_Master;78;4212;384;232;46;2;251;239;80;17;0,59;0,77
wechat;244;31898;4791;291;10;3;359;288;100;0;0,52;0,96
wiremock;136;6918;2085;1108;78;34;1608;1305;88;10;0,58;0,81
LuaViewSDK;382;36059;17325;562;6;5;247;204;100;0;0,62;0,98
AndroidImageSlider;32;3936;969;129;26;12;734;360;96;21;0,78;0,85
dynamic-load-apk;36;2820;598;473;46;10;617;301;71;17;0,55;0,67
AndroidFillableLoaders;15;2984;461;54;13;5;293;273;61;19;0,77;0,65
ZhihuPaper;56;5038;1795;309;73;1;633;233;63;22;0,47;0,63
androidmvp;10;274;188;21;6;2;154;76;33;4;0,43;0,4
Android-BitmapCache;17;1279;650;219;42;1;1419;384;71;67;0,54;0,62
java-apns;29;2008;2030;368;54;33;2346;2162;68;52;0,57;0,67
CircleIndicator;11;862;54;43;21;6;671;640;80;48;0,45;0,72
swagger-core;169;14640;1910;2046;381;56;377;362;70;26;0,6;0,7
spring-integration-samples;209;6703;4965;532;126;14;2073;2053;57;3;0,47;0,63
asmack;10;1516;862;29;2;3;1497;808;100;39;0,43;0,9
ViewPagerIndicator;43;3072;360;260;65;16;1702;340;73;68;0,66;0,71
RxJavaSamples;6;1094;26;12;2;4;65;16;100;14;0,44;0,83
elasticsearch-sql;78;6067;503;607;68;10;647;581;82;25;0,54;0,81
Android-Iconics;43;10523;1170;203;29;9;525;524;72;11;0,65;0,73
NiftyDialogEffects;21;591;294;104;7;8;672;669;100;53;0,54;0,94
Android-WizardPager;18;1260;358;42;18;2;1021;115;22;8;0,46;0
gesture-imageview;34;1641;343;123;46;3;1565;530;47;60;0,72;0,35
FinestWebView-Android;13;2281;135;174;36;7;200;175;72;87;0,72;0,65
photup;100;8859;2012;1302;150;1;1434;378;75;21;0,57;0,73
torodb;567;38870;11647;3892;627;7;587;586;56;3;0,56;0,63
okio;29;3804;2018;586;74;12;830;799;51;63;0,6;0,52
smooth-app-bar-layout;48;3101;800;331;34;2;249;201;88;19;0,47;0,81
AndroidAutoLayout;57;3064;257;140;19;3;196;179;84;15;0,36;0,78
sms-backup-plus;87;7168;607;193;19;4;907;824;100;4;0,57;0,85
NineOldAndroids;46;6436;3852;144;20;7;1632;194;100;7;0,53;0,87
android-floating-action-button;5;1054;16;120;12;9;623;400;50;94;0,45;0,57
android-gif-drawable;28;2560;1388;449;110;7;749;737;70;53;0,53;0,64
Timber;131;16630;3194;1375;234;10;355;250;63;12;0,61;0,63
platform_frameworks_support;920;153777;84468;20731;5016;183;1941;1939;83;26;0,69;0,81
dubbo;387;68967;25946;1017;19;18;1443;1396;100;0;0,61;0,96
jackson-core;90;21316;12178;1436;339;28;1623;1620;72;65;0,73;0,71
ListViewAnimations;79;6086;2887;459;61;3;794;143;60;12;0,5;0,63
PhotoNoter;332;30790;3587;902;78;1;233;211;100;2;0,6;0,89
android-percent-support-extend;10;1157;308;14;1;1;246;27;100;66;0,65;0,9
Android-PullToRefresh;36;3583;1535;711;160;19;1646;430;79;66;0,55;0,74
spark;87;5043;5108;848;147;54;1853;1836;74;22;0,53;0,71
ActionBarSherlock;157;25316;11114;388;25;13;1305;265;100;5;0,57;0,93
BGABadgeView-Android;18;1622;466;154;21;2;331;266;71;35;0,46;0,63
ignition;79;4571;2758;250;21;9;1600;382;100;13;0,47;0,87
AndroidProcess;21;1371;1454;58;1;2;132;71;100;6;0,41;0,95
StickyHeaderListView;24;2461;255;45;14;1;40;6;71;18;0,45;0,73
ToggleButton;19;1223;587;85;4;8;640;507;100;20;0,65;0,95
android-process-button;11;837;134;75;14;3;761;413;92;76;0,46;0,75
BlackLight;185;16947;4399;868;225;11;565;455;48;11;0,54;0,4
blueocean-plugin;67;3136;769;453;20;10;117;115;100;9;0,51;0,86
cordova-android;38;4257;2162;769;135;52;1582;1569;82;58;0,54;0,76
android-pluginmgr;33;3809;929;81;19;2;550;472;78;8;0,7;0,77
TimelyTextView;16;453;6;43;2;6;722;506;100;22;0,32;0,94
neo4j;3556;277875;105159;77579;7529;86;1297;1296;68;4;0,59;0,67
NotBoringActionBar;4;337;18;12;1;3;924;322;100;0;0,36;0,75
GreenDroid;74;5715;3392;211;43;5;2159;449;53;16;0,52;0,61
mybatis-3;358;20252;8466;4576;734;41;2206;2194;68;28;0,65;0,69
u2020;101;5968;695;663;24;22;931;898;100;10;0,64;0,91
javacv;77;17397;3624;351;52;21;1467;1459;86;14;0,47;0,81
config;94;10860;4414;1099;361;22;1649;1592;67;38;0,67;0,65
interview;434;23252;4632;1747;467;16;682;667;40;2;0,3;0,37
ChatSecureAndroid;212;36323;8481;5516;1659;20;2025;1906;77;45;0,67;0,73
j2objc;2064;246793;261369;8829;1329;27;1363;1357;100;3;0,67;0,92
android-iconify;35;6251;170;139;23;1;298;225;73;16;0,72;0,72
WaveLoadingView;2;635;129;11;2;3;168;158;100;0;0,61;0,5
EffectiveAndroidUI;54;2216;1510;393;8;4;718;497;100;5;0,51;0,88
android-smart-image-view;7;359;25;36;15;5;1910;1193;46;57;0,42;0,29
FadingActionBar;45;1694;651;70;9;2;1103;320;100;19;0,4;0,97
jitwatch;228;26325;1387;1913;238;15;694;673;81;17;0,59;0,78
cube-sdk;140;11041;3312;969;66;3;667;287;81;8;0,6;0,8
sqlbrite;29;2842;796;238;22;10;499;464;100;21;0,53;0,89
RoadRunner;36;3757;222;54;2;1;94;20;100;7;0,69;0,94
jetty.project;1379;174052;67347;22895;1345;20;1014;1013;80;4;0,62;0,79
android-demo;27;2219;450;137;25;1;989;294;52;12;0,33;0,5
SimianArmy;147;10876;7072;1443;257;41;1426;1420;56;16;0,57;0,58
smoothie;16;1364;729;38;5;2;1034;272;100;27;0,45;0,79
cwac-endless;7;484;211;28;3;4;2096;1232;100;41;0,37;0,76
ribbon;201;14047;5455;2013;262;27;1233;1182;69;10;0,6;0,71
bigbluebutton;1387;94979;33994;14205;1022;50;2514;2511;88;3;0,61;0,83
http-request;1;1391;1547;226;24;12;1685;1187;100;0;0;0
supertooltips;7;652;201;30;8;1;762;1;75;69;0,55;0,61
socket.io-java-client;16;1438;849;158;27;6;1623;473;88;55;0,59;0,82
socket.io-client-java;12;1417;153;69;18;4;276;153;72;71;0,59;0,66
jodd;1043;82215;60135;9021;609;29;1356;1346;81;5;0,67;0,8
leakcanary;42;2963;874;278;69;18;382;318;75;56;0,58;0,72
binnavi;4108;206081;141857;4643;154;11;286;280;100;0;0,58;0,99
rest.li;1007;113237;46916;3855;714;51;1352;1347;76;3;0,63;0,77
Avengers;64;1847;196;551;19;1;395;279;100;8;0,55;0,87
Mycat-Server;612;59828;17103;2792;33;34;533;531;100;1;0,58;0,98
graylog2-server;983;62096;19219;8326;924;12;755;755;85;4;0,54;0,82
ormlite-android;25;2653;872;341;82;6;2092;2090;62;59;0,46;0,64
drag-sort-listview;24;3668;1408;123;19;8;1453;275;68;62;0,63;0,71
GalleryFinal;66;7744;2189;302;2;4;233;127;100;2;0,6;0,98
FoldableLayout;14;1506;121;67;11;1;752;671;72;51;0,58;0,68
AndEngine;596;34114;19187;2350;134;20;1653;723;100;2;0,58;0,89
android-flat-button;3;354;37;26;4;3;758;270;75;0;0,42;0,5
jersey;1430;95380;105353;10994;4391;70;1569;1562;63;10;0,62;0,6
AppIntro;56;2750;425;450;63;26;347;319;74;17;0,49;0,73
libgdx;1343;176765;57761;33480;5947;405;2274;2273;73;12;0,62;0,7
clean-status-bar;13;1224;41;113;23;7;633;400;69;60;0,42;0,64
AndroidSocialNetworks;130;20065;9457;355;41;5;767;217;100;7;0,64;0,92
HoloColorPicker;5;1784;828;10;5;1;457;0;20;18;0,05;0
StickyGridHeaders;11;1830;475;200;53;13;1245;492;88;91;0,66;0,76
materialish-progress;4;661;186;20;6;1;564;297;66;0;0,58;0,58
ActionBar-PullToRefresh;52;3490;1421;53;1;1;797;0;100;13;0,48;0,98
android-edittext-validator;37;1263;334;107;13;10;1468;1149;100;32;0,56;0,84
solo;141;14995;10931;610;62;7;247;232;100;13;0,61;0,87
android-flowlayout;11;1106;16;61;7;5;814;569;100;44;0,45;0,88
material;77;24170;4143;334;38;3;540;362;100;9;0,52;0,92
HomeMirror;27;1490;607;157;24;5;284;271;70;37;0,56;0,66
swagger-codegen;513;51529;9096;16544;2434;144;363;362;64;19;0,54;0,63
mapdb;75;10005;2239;480;93;6;1306;1304;80;26;0,57;0,79
android-pulltorefresh;2;337;67;55;18;11;1971;1024;100;0;0,35;0,5
HorizontalVariableListView;19;9199;3944;40;4;2;1297;679;100;1;0,73;0,95
HoloEverywhere;292;53959;6336;1599;595;26;1333;650;70;15;0,6;0,68
intellij-community;15308;2590965;591613;236052;10995;173;694;693;77;0;0,6;0,77
XposedInstaller;37;5204;104;522;38;11;1519;836;65;18;0,5;0,62
PagerSlidingTabStrip;3;681;63;14;2;2;1132;230;50;0;0,41;0,33
bytecode-viewer;350;50588;33898;801;11;4;464;448;100;3;0,61;0,98
android-topeka;81;5407;1855;218;26;7;351;298;100;13;0,5;0,87
BGARefreshLayout-Android;49;5185;1012;401;24;2;369;362;70;19;0,44;0,74
dex-method-counts;7;1064;478;49;2;7;760;679;100;13;0,5;0,71
ElasticDownload;12;2363;339;71;9;3;472;180;55;59;0,64;0,51
Backboard;23;1643;861;49;4;3;320;158;100;7;0,37;0,91
AndResGuard;32;4127;715;169;43;4;147;136;58;40;0,56;0,6
BottomBar;16;1853;846;219;36;14;78;72;97;69;0,76;0,88
tape;17;945;352;84;17;14;1342;972;94;58;0,59;0,85
elasticsearch;3121;305322;114273;60603;9334;109;549;548;67;5;0,58;0,66
ShortcutBadger;19;580;88;140;40;12;599;593;47;31;0,34;0,41
stetho;225;15145;3772;1446;661;18;489;391;43;12;0,6;0,45
android-about-page;4;457;35;55;6;6;41;17;100;0;0,5;0,75
Dexter;32;1258;874;270;64;14;202;123;65;36;0,5;0,65
mosby;235;9701;4506;911;143;13;432;364;76;5;0,49;0,76
ratpack;631;28348;27410;6461;1141;58;936;932;72;11;0,57;0,71
frontend-maven-plugin;40;1863;174;548;96;49;914;875;51;35;0,47;0,49
liferay-portal;14584;2427942;1112059;35679;1901;148;807;805;100;0;0,71;0,9
AndroidTagGroup;8;918;227;58;12;1;485;108;91;86;0,73;0,81
UltimateRecyclerView;168;16058;4891;1626;287;9;489;478;67;15;0,56;0,69
BuildingBlocks;55;3424;424;481;45;3;291;62;66;20;0,57;0,68
greedo-layout-for-android;9;642;132;43;9;1;98;97;55;32;0,52;0,59
javaslang;103;22465;15943;2320;228;15;131;129;44;27;0,61;0,39
fitnesse;485;29805;1392;11349;876;71;2318;2313;61;6;0,52;0,63
qianghongbao;20;1581;251;73;12;5;150;54;58;51;0,56;0,64
reark;85;3521;2176;623;16;5;218;186;100;4;0,4;0,89
bitcoinj;561;57090;22623;2359;476;50;1165;1157;71;9;0,63;0,71
PreLollipopTransition;23;1038;398;134;14;2;432;330;64;20;0,35;0,67
TextJustify-Android;26;3314;1400;215;51;9;518;475;84;74;0,67;0,74
RecyclerViewFastScroller;24;813;295;54;6;1;463;57;100;26;0,44;0,82
DatePicker;20;1980;633;67;1;2;432;277;100;4;0,65;0,95
Rajawali;390;40589;14198;1921;696;12;446;381;54;11;0,55;0,47
react-native;427;31569;9213;2068;447;143;261;260;78;10;0,62;0,77
Talon-for-Twitter;309;60771;9012;794;167;5;588;582;87;9;0,59;0,83
FlyRefresh;5;1834;102;14;1;3;365;285;100;43;0,62;0,8
Hystrix;271;21858;11972;2853;354;56;1290;1289;82;14;0,56;0,8
TeleHash;35;4045;4741;77;18;4;2044;1037;100;6;0,54;0,86
BuildCraft;943;77395;5205;25166;7803;122;1408;1403;60;18;0,53;0,59
syncany;397;26077;12720;10830;1851;17;903;784;53;17;0,58;0,47
LollipopShowcase;7;837;76;34;10;1;586;420;50;41;0,36;0,23
android-database-sqlcipher;41;5299;3884;167;41;7;1564;1474;78;40;0,71;0,75
physical-web;38;4205;1966;515;74;14;589;580;74;30;0,51;0,72
roboguice;357;26605;14902;445;2;4;621;52;100;0;0,62;1
scalpel;4;589;34;44;6;5;877;84;100;0;0,47;0,75
WaveSwipeRefreshLayout;3;1580;541;41;18;5;303;186;50;0;0,52;0,19
MaterialViewPager;26;2034;464;222;48;15;402;396;91;59;0,5;0,83
SuperSLiM;12;2766;526;359;151;2;527;139;68;95;0,66;0,56
ViewServer;2;595;190;8;2;3;995;606;100;0;0,44;0,5
HdrHistogram;41;6276;4093;474;124;18;1147;1141;68;55;0,55;0,69
ZhihuDailyPurify;27;1814;13;156;12;2;692;675;75;15;0,47;0,73
Transitions-Everywhere;68;8078;3367;259;27;1;295;274;62;8;0,56;0,68
javapoet;16;2991;627;508;95;30;504;501;42;72;0,35;0,27
distributedlog;403;42690;17668;420;1;2;23;21;100;0;0,71;1
ASNE;46;7897;2784;319;46;6;646;547;89;42;0,63;0,81
graphhopper;254;30689;9505;6015;1386;28;1129;1127;64;24;0,58;0,62
Solandra;32;5509;949;464;105;11;2028;515;61;50;0,59;0,61
cobar;840;55470;20633;866;3;9;869;510;100;0;0,66;1
auto;88;8302;4362;972;115;31;1037;1036;82;19;0,63;0,8
querydsl;789;51518;27737;9107;636;21;1360;1359;65;4;0,6;0,67
google-io-2014;6;543;91;17;1;2;706;139;100;63;0,38;0,83
eureka;237;21286;8516;3146;587;40;1297;1292;67;20;0,61;0,67
reactive-streams-jvm;25;3692;885;422;143;12;784;726;64;68;0,71;0,57
ExoPlayer;340;44155;18773;5347;541;52;699;678;74;15;0,59;0,73
circular-progress-button;12;1238;18;82;13;4;725;99;100;49;0,55;0,84
blade;178;17359;12412;680;109;3;329;278;76;6;0,68;0,76
smile;577;64800;39108;885;46;3;166;157;100;5;0,6;0,94
Android-SlideExpandableListView;7;554;246;13;2;3;828;527;100;56;0,39;0,86
vector-compat;12;3233;660;55;6;3;416;16;100;31;0,64;0,75
rstudio;1884;177993;41349;32412;1909;21;2002;2001;85;15;0,66;0,84
voltdb;1940;359157;186901;118639;11957;99;2297;2296;73;11;0,64;0,7
CustomActivityOnCrash;5;608;426;53;16;5;350;266;43;95;0,53;0,33
orientdb;1406;169449;49172;23526;4518;52;721;712;76;17;0,67;0,74
GuillotineMenu-Android;7;343;29;36;14;4;385;363;64;81;0,62;0,55
servo;153;8544;6138;2928;679;25;1514;1500;50;21;0,57;0,47
android-design-support-lib-sample;21;1038;165;89;27;4;361;111;55;33;0,27;0,54
StaggeredGridView;1;1893;526;48;14;10;1272;556;100;0;0,64;0
ansj_seg;70;6335;1609;536;21;11;1016;1009;95;4;0,46;0,82
phonegap-facebook-plugin;176;32571;14988;1109;48;10;737;206;100;3;0,6;0,88
schematic;47;2892;954;162;6;4;749;698;100;4;0,72;0,87
StandOut;16;2437;1525;214;39;4;1462;854;76;65;0,67;0,66
GsonFormat;25;4305;1716;136;36;5;579;501;36;19;0,51;0,23
TokenAutoComplete;10;1444;385;127;39;25;918;847;89;89;0,73;0,83
groovy-core;1113;145242;73636;17848;3228;122;4648;4233;80;23;0,67;0,79
elasticsearch-analysis-ik;29;3053;1586;220;61;14;1625;1617;54;35;0,51;0,54
ExpandableLayout;4;474;65;17;5;4;625;222;40;0;0,29;0,15
DraggablePanel;32;2297;1560;555;116;7;806;621;59;65;0,57;0,5
android-gpuimage;97;7813;2028;541;83;24;1267;1172;67;15;0,47;0,7
weixin-java-tools;184;10649;3622;1363;38;16;590;429;100;16;0,54;0,91
Android-ProgressFragment;30;2879;1586;60;13;1;1130;365;46;9;0,29;0,57
morphia;261;13298;7837;1384;660;25;1077;1071;58;37;0,65;0,5
RippleView;2;229;20;15;5;4;632;254;100;0;0,34;0,5
keywhiz;105;9062;3698;898;50;9;427;426;82;7;0,44;0,79
AsymmetricGridView;26;1495;36;101;24;2;785;561;70;26;0,52;0,67
elasticsearch-hadoop;235;18156;5758;1051;354;13;793;784;58;13;0,57;0,58
Horizon;17;823;183;20;1;1;78;65;100;31;0,54;0,94
vert.x;467;41938;28248;4593;630;48;566;565;87;13;0,64;0,83
android-menudrawer;39;4774;1112;63;2;1;1031;211;100;13;0,59;0,95
exhibitor;157;13009;3196;1144;61;16;1534;1285;88;6;0,52;0,82
Rosie;49;4912;2610;166;24;8;98;97;95;5;0,5;0,81
moshi;38;4126;1697;374;31;16;662;658;96;21;0,66;0,85
kotlin;1353;145691;31092;10916;2716;40;967;966;78;12;0,64;0,77
FBReaderJ;763;67592;18707;1112;17;6;2428;2218;100;2;0,61;0,99
DevsmartLib-Android;33;2484;291;51;12;3;1765;453;75;14;0,47;0,74
FancyCoverFlow;9;659;393;57;3;1;1122;40;100;53;0,4;0,81
XPrivacy;94;21400;2309;7178;1406;17;1102;765;79;65;0,64;0,76
SwipeBackLayout;9;1560;817;72;8;9;1012;778;50;16;0,62;0,44
AndroidWiFiADB;17;869;255;145;25;6;230;60;92;42;0,42;0,75
ImageBlurring;10;576;151;17;1;1;143;139;100;38;0,54;0,9
Paper;10;834;163;80;6;5;355;320;66;17;0,54;0,67
android-saripaar;93;4230;4059;769;168;5;542;320;33;19;0,64;0,25
richeditor-android;5;549;43;57;7;11;428;403;71;69;0,59;0,63
RxPermissions;4;304;73;87;23;5;246;182;82;0;0,41;0,64
Equivalent-Exchange-3;323;26852;1485;2479;379;15;902;900;75;7;0,52;0,74
stream-lib;47;4694;2017;449;71;36;1520;1477;90;30;0,56;0,86
android-square-progressbar;10;1337;385;39;1;1;401;72;100;58;0,52;0,9
SmoothProgressBar;19;2097;104;129;35;5;915;693;65;68;0,56;0,64
AndroidTreeView;20;2188;377;76;9;5;474;363;77;32;0,56;0,77
simple-binary-encoding;59;9985;2571;426;44;6;183;181;79;40;0,62;0,77
FileDownloader;70;9046;3069;820;206;1;166;164;69;30;0,53;0,7
orbit;178;13087;6112;226;2;4;63;62;100;2;0,61;0,99
pinpoint;1696;88595;34514;21028;1778;32;645;642;71;2;0,55;0,73
cucumber-jvm;264;12658;1558;3313;583;112;1801;1793;75;19;0,54;0,73
android-parallax-recyclerview;3;1387;477;21;13;4;462;411;53;0;0,47;0,26
ahbottomnavigation;10;1727;476;74;25;5;77;68;72;88;0,53;0,7
morphy-toolbar;5;683;58;16;8;3;121;114;50;83;0,43;0,45
Android-ActionItemBadge;8;664;63;51;3;4;563;487;66;26;0,35;0,63
UltimateAndroid;2906;275048;76166;7567;7;4;573;390;100;0;0,59;1
VideoRecorder;11;3509;493;79;34;3;344;334;50;63;0,51;0,34
jitsi;2176;316886;228392;25497;7201;58;2879;2876;66;12;0,64;0,64
UrlImageViewHelper;14;1150;403;105;28;12;1820;970;100;60;0,65;0,92
emojicon;19;3386;454;128;22;13;865;830;63;55;0,62;0,65
AnimeTaste;58;6220;437;241;23;1;862;447;60;21;0,56;0,67
cassandra;1536;199843;57850;38797;3199;181;2590;2589;83;13;0,6;0,82
XListView-Android;4;507;104;21;6;6;1476;1030;50;0;0,32;0,42
springside4;45;2070;813;158;4;3;1561;1383;100;5;0,49;0,91
Activiti;1856;130603;49658;21294;1877;133;1354;1352;72;8;0,58;0,72
spring-security;983;46833;43180;4519;531;87;2423;2411;66;4;0,6;0,72
AntennaPod;286;37852;5119;5562;863;34;645;644;70;25;0,61;0,68
processing;219;93250;48908;6055;1099;71;1067;1065;68;43;0,66;0,66
Apktool;29;9239;2379;117;34;9;150;148;58;17;0,65;0,55
Bukkit;683;28916;24351;5079;761;119;1979;1314;70;10;0,6;0,7
DeepLearning;11;1225;77;18;1;1;302;75;100;16;0,22;0,91
AndroidEventBus;21;932;879;87;12;4;485;176;83;23;0,56;0,71
voldemort;663;84008;27681;11101;1944;73;2704;2694;70;23;0,61;0,69
RecyclerView-FlexibleDivider;10;941;168;129;28;6;503;395;42;53;0,32;0,4
browser-android;120;23675;3045;2866;833;5;878;864;85;48;0,58;0,81
pull-to-make-soup;6;1183;55;12;6;1;42;6;66;56;0,56;0,5
android-pathview;8;653;433;49;2;6;499;364;100;7;0,63;0,75
MaterializeYourApp;7;360;117;23;9;2;494;340;55;57;0,33;0,44
android-material-design-icon-generator-plugin;5;969;95;14;2;2;75;1;50;23;0,61;0,6
android-stackblur;7;719;110;43;3;4;1021;393;100;38;0,44;0,76
storm;1303;165045;41553;9632;452;69;454;453;87;0;0,75;0,81
Calligraphy;16;1070;561;249;46;14;895;800;73;85;0,5;0,65
BeautifulRefreshLayout;12;1059;199;25;4;3;301;92;100;17;0,43;0,83
crate;1253;86168;28880;13495;1438;25;1003;1001;82;5;0,52;0,8
EffectiveAndroid;39;1385;110;47;2;3;302;60;100;18;0,5;0,97
Carbon;185;31401;4049;1605;750;4;478;456;71;34;0,68;0,68
Openfire;1474;188552;89244;10748;1716;96;4242;4228;67;3;0,61;0,67
AndroidTraining;572;34007;12125;721;6;5;815;359;100;0;0,64;0,99
spring-petclinic;45;1386;1113;422;41;13;2380;2361;65;12;0,47;0,69
glide;293;21731;7244;3682;767;46;728;714;64;14;0,55;0,63
NewPipe;73;8681;1791;997;168;24;265;258;73;29;0,56;0,71
elasticsearch-river-mongodb;24;3673;369;455;96;12;1585;1511;76;66;0,6;0,73
pinned-section-listview;2;603;81;42;15;8;1116;636;80;0;0,1;0,3
ColorArt;5;459;84;20;2;5;919;132;100;65;0,46;0,8
HikariCP;33;4388;1769;1033;238;15;967;931;74;72;0,52;0,71
FlatUI;13;1276;191;119;42;7;854;238;40;38;0,19;0,4
fastjson;135;24696;3187;3216;594;50;1768;1760;78;59;0,72;0,73
SeriesGuide;306;41453;12378;8455;959;4;1000;977;72;18;0,58;0,71
WaveView;4;361;23;14;4;4;599;540;100;0;0,41;0,75
ArcAnimator;8;753;23;11;11;2;457;257;45;30;0,48;0,22
ice;33;5471;1449;182;45;12;1077;977;64;34;0,56;0,62
SeeWeather;36;2989;710;98;40;3;44;34;45;21;0,58;0,41
dropwizard;356;16328;5202;2651;676;142;1665;1662;60;9;0,5;0,62
Meizhi;65;4183;1321;529;25;8;337;305;100;17;0,6;0,93
elastic-job;171;5823;4970;659;396;8;265;261;48;9;0,49;0,4
android-historian;7;1189;29;22;11;4;286;233;63;60;0,27;0,42
qksms;412;53678;19390;1738;214;24;290;283;95;4;0,64;0,86
MaterialEditText;12;3356;834;365;92;21;579;513;90;98;0,72;0,74
recyclerview-stickyheaders;15;948;66;113;28;7;618;152;85;38;0,57;0,8
HanLP;278;32298;12698;1015;10;8;534;529;100;2;0,6;0,97
android-butterknife-zelezny;21;1492;301;94;24;6;479;448;66;28;0,52;0,62
nanohttpd;16;3426;1243;460;103;58;1181;1170;95;70;0,71;0,87
AndroidPicker;33;4855;2625;134;3;7;224;205;100;13;0,5;0,91
TrayNotification;21;987;250;96;2;2;332;223;100;3;0,49;0,9
android-sqlite-asset-helper;9;561;210;24;2;2;915;48;100;14;0,48;0,78
FlycoTabLayout;13;2747;208;49;6;1;205;192;83;52;0,64;0,74
androidannotations;434;22121;14044;3091;77;16;399;396;100;4;0,59;0,93
nutz;1024;54637;25344;6772;1876;37;1807;1804;60;10;0,68;0,56
RxLifecycle;33;1577;278;288;8;6;318;296;100;13;0,35;0,92
OpenTripPlanner;830;64389;23714;9182;829;33;792;752;78;6;0,6;0,77
JamsMusicPlayer;265;48494;15371;553;72;3;700;110;87;1;0,59;0,79
mortar;53;2480;992;541;46;18;934;751;71;19;0,45;0,73
WorldEdit;752;48505;30125;1180;80;15;565;563;100;2;0,6;0,96
AndroidSwipeLayout;22;2664;205;246;52;17;647;497;75;68;0,64;0,66
KeyBox;58;5985;2229;421;93;6;1210;1169;67;25;0,43;0,66
LikeButton;8;751;121;38;6;5;161;110;100;70;0,52;0,79
Knife;10;1356;138;93;2;1;175;13;100;51;0,64;0,8
MaterialTabs;3;500;45;20;5;3;572;99;100;0;0,34;0,67
SpongeAPI;1555;38274;81925;7194;2427;65;633;631;61;10;0,66;0,59
Material-Animations;14;992;54;75;14;4;451;325;50;35;0,41;0,45
Phoenix;9;953;33;40;2;3;446;261;100;43;0,48;0,78
android-PullRefreshLayout;12;2052;235;65;8;4;579;325;62;18;0,53;0,58
PermissionsDispatcher;18;787;233;121;70;7;273;251;48;74;0,48;0,42
NavigationTabBar;6;1885;180;36;10;3;65;52;60;82;0,63;0,4
kairosdb;213;13987;3521;1648;478;21;1183;1133;64;30;0,58;0,64
afinal;63;6927;4501;219;40;7;1311;492;77;19;0,65;0,77
android-shapeLoadingView;6;547;43;13;2;2;423;126;100;45;0,53;0,67
Android-Boilerplate;36;1407;51;99;12;2;426;311;91;17;0,41;0,8
DropDownMenu;7;506;61;21;1;1;343;206;100;35;0,4;0,86
spring-framework;3775;255853;228858;41568;14080;120;1628;1626;45;3;0,64;0,5
agera;35;4759;2903;70;17;3;43;42;58;9;0,56;0,66
BroadleafCommerce;2281;150981;83338;35597;2516;45;1636;1621;82;7;0,61;0,79
BlurDialogFragment;11;1184;578;185;22;7;662;640;86;61;0,4;0,75
datetimepicker;16;3321;545;77;13;7;1093;491;84;28;0,51;0,73
mahout;905;80799;37009;3584;1448;27;2848;2827;49;2;0,54;0,43
LitePal;73;5703;6079;192;11;2;458;449;100;13;0,53;0,9
Context-Menu.Android;13;999;82;96;15;9;506;497;73;54;0,56;0,68
android-betterpickers;128;16000;3556;883;107;14;582;572;74;7;0,57;0,73
storio;138;9625;5167;1388;336;9;444;427;58;13;0,45;0,58
Genius-Android;94;11473;4883;384;38;1;400;380;94;6;0,51;0,83
RxJava;322;33143;25661;2677;665;73;642;641;72;17;0,55;0,72
google-authenticator;7;3324;1932;22;2;6;2248;478;100;8;0,63;0,71
AndroidScrollingImageView;3;163;12;11;2;1;303;230;100;0;0,58;0,67
Smack;870;51223;44765;4636;1369;31;765;758;61;13;0,69;0,63
blueprints;226;17975;4119;2116;206;31;1480;1142;64;5;0,59;0,65
Search-View-Layout;6;788;117;36;13;5;214;183;76;68;0,43;0,53
android-priority-jobqueue;92;6677;1551;496;30;8;1109;1105;83;9;0,59;0,79
DownloadProgressBar;2;804;6;5;2;3;340;47;100;0;0,69;0,5
timber;6;905;96;107;6;20;1050;1040;100;92;0,62;0,78
picasso;52;5321;1571;1361;205;79;1202;1193;77;62;0,56;0,72
android-auto-scroll-view-pager;2;212;148;22;5;5;830;383;100;0;0,41;0,5
Android-Terminal-Emulator;65;11315;3764;220;25;7;535;121;92;3;0,63;0,83
MaterialIntroView;22;1283;271;68;2;5;128;113;100;35;0,61;0,91
disconf;353;15374;7391;2903;149;7;696;694;86;4;0,53;0,82
PhotoView;25;2101;833;157;59;14;799;771;61;69;0,63;0,53
webmagic;191;8392;2194;1551;96;26;1090;1080;91;19;0,51;0,85
SpongeForge;164;8502;4293;1628;450;34;633;632;72;25;0,58;0,7
FlipViewPager.Draco;9;638;144;15;3;3;418;334;66;70;0,7;0,67
guice;354;21188;13866;2053;580;43;3088;2946;57;19;0,65;0,56
SmartTabLayout;34;2432;1071;112;10;9;424;391;100;26;0,5;0,96
hive;2445;466869;155758;23695;660;109;894;893;100;1;0,65;0,85
easypermissions;4;350;137;31;2;7;167;166;100;0;0,45;0,75
hibernate-orm;3874;280040;106887;21487;5756;193;2522;2520;45;5;0,69;0,43
aerosolve;105;7922;700;866;88;8;386;385;72;9;0,43;0,74
aFileChooser;7;893;396;35;10;4;1630;727;60;50;0,3;0,46
gl-react-native;14;1582;38;100;9;2;206;100;100;55;0,58;0,85
elephant-bird;252;16564;4856;2166;454;36;1463;1348;41;6;0,5;0,38
k-9;425;69856;11889;2724;420;33;1285;1280;80;20;0,66;0,79
astyanax;513;38138;12068;2532;354;42;1203;1076;90;6;0,61;0,84
sprinkles;51;1972;417;336;46;10;898;166;73;23;0,49;0,71
archi;31;1839;38;94;9;2;262;209;100;13;0,37;0,88
nucleus;60;2270;583;400;15;8;552;538;100;10;0,37;0,85
jsoup;56;10565;3604;1405;353;52;2357;2344;58;61;0,65;0,55
WordPress-Android;257;89227;8821;4531;190;15;122;121;75;6;0,56;0,75
quasar;484;46836;25687;3926;479;16;1079;1071;84;14;0,66;0,82
jedis;104;17902;3924;3400;529;124;2183;2181;75;52;0,74;0,7
java-algorithms-implementation;66;13769;5072;265;27;5;918;777;62;11;0,56;0,67
gocd;1013;128988;38892;7019;1739;69;690;689;55;2;0,6;0,57
ViewInspector;27;2959;358;109;52;1;221;23;50;23;0,53;0,46
AirMapView;41;2400;304;466;62;14;462;442;85;63;0,68;0,79
libsvm;10;3666;159;195;12;14;4709;4538;66;25;0,73;0,68
AndroidResideMenu;8;761;208;68;27;10;893;683;92;85;0,6;0,77
Side-Menu.Android;9;465;26;39;1;3;499;414;100;35;0,57;0,89
zxing-android-embedded;50;4449;1711;321;34;11;747;726;88;26;0,49;0,82
flume;342;30689;14522;461;29;7;2020;261;100;1;0,5;0,94
gitblit;456;67978;22346;4632;478;59;1162;1129;83;8;0,55;0,8
titan;662;51731;12835;11441;2927;27;1244;1062;58;15;0,6;0,57
checkstyle;338;30002;32754;6612;3015;66;833;830;48;20;0,53;0,46
plaid;85;15893;3378;361;68;6;218;201;72;22;0,6;0,74
dagger;63;4352;2116;674;128;20;1353;1330;75;47;0,63;0,73
android-sliding-layer-lib;8;1354;485;60;2;3;359;340;100;74;0,68;0,88
Java-Chronicle;104;9271;2482;676;57;6;1188;347;80;7;0,67;0,78
archaius;71;5573;3844;982;123;27;1448;1351;64;20;0,56;0,62
XCL-Charts;200;28067;12992;1997;2;3;702;481;100;0;0,4;0,99
mysql_perf_analyzer;48;25045;2676;107;18;2;377;325;72;5;0,53;0,73
image-loader;40;1064;49;116;4;6;561;78;100;5;0,46;0,9
DroidPlugin;178;17669;6291;369;87;6;280;257;100;15;0,64;0,89
qualitymatters;64;2294;99;390;22;11;190;176;100;12;0,48;0,9
CircleProgress;14;1363;214;36;5;7;571;254;100;41;0,51;0,81
material-dialogs;35;6758;602;380;123;21;574;520;71;50;0,6;0,71
Swipeable-Cards;9;736;95;47;5;9;750;648;80;70;0,63;0,71
javacpp;115;12981;4486;702;180;7;773;770;85;60;0,72;0,82
JsBridge;5;532;39;24;1;4;460;309;100;25;0,52;0,8
twitter4j;374;26050;15599;3471;301;99;2016;1976;67;22;0,68;0,7
MaterialDrawer;86;8349;3116;1444;347;21;484;475;82;50;0,56;0,77
cas;814;42481;21337;1013;884;9;235;230;34;2;0,5;0,22
buck;1958;203075;75809;11750;2566;149;495;494;79;6;0,58;0,78
MaterialShowcaseView;20;1324;177;120;26;8;302;223;57;61;0,6;0,56
squidb;167;14589;9298;1395;223;8;412;392;72;18;0,63;0,72
Android-Universal-Image-Loader;86;7020;5234;106;3;5;361;188;100;0;0,55;0,97
FlowingDrawer;12;909;21;43;18;3;227;101;83;66;0,51;0,75
ExpandableTextView;3;419;74;19;12;3;573;450;50;0;0,32;0,22
gs-collections;853;122827;25963;4997;370;37;1609;1504;83;7;0,75;0,81
discreteSeekBar;8;1761;631;58;21;7;551;425;52;55;0,57;0,35
MaterialDateTimePicker;22;5178;1448;325;100;12;520;442;74;82;0,64;0,63
sweet-alert-dialog;6;920;29;20;3;4;579;36;100;58;0,25;0,72
android-maven-plugin;126;16432;6398;270;30;17;437;432;100;13;0,61;0,92
android-GridViewWithHeaderAndFooter;1;666;127;18;9;5;581;198;100;0;0;0
antlr4;78;27746;22566;323;100;13;409;371;65;8;0,66;0,68
http-kit;43;3584;531;348;116;33;1223;1171;71;34;0,6;0,67
Android-ObservableScrollView;106;9044;2736;272;67;8;442;258;74;22;0,53;0,76
glide-transformations;26;1394;428;195;24;8;508;466;83;15;0,46;0,77
WilliamChart;48;5540;2536;536;50;7;651;503;88;28;0,57;0,83
